epoch,loss,psnr,val_loss,val_psnr
0,1335.5181997856441,18.822131242673603,409.90423281416935,23.559315758077506
1,403.0220371676328,23.76630116237029,238.91148879874467,26.08744156666291
