epoch,loss,psnr,val_loss,val_psnr
0,420.0606254425609,24.345506394666995,284.51059286003436,26.96659239418486
